YEAR,MONTH,LAKE,STATION,SAMPLING_DATE,"SMPL_DEPTH, m",DEPTH_CODE,QC_ID,SAMPLE_ID,TP_ug_L,rslt_flag
1984,Apr,Michigan,MI11,1984/04/10 20:49 EDT,0.91,50,RFS,84GA12S01,4.5,
1984,Apr,Michigan,MI11,1984/04/10 20:49 EDT,60.05,50,RFS,84GA12S02,4.5,
1984,Apr,Michigan,MI11,1984/04/10 20:49 EDT,114.3,450.5,RFS,84GA12S03,7,
1984,Apr,Michigan,MI11,1984/04/10 20:49 EDT,118.87,505,RFS,84GA12S04,7,
1984,Aug,Michigan,MI11,1984/08/01 11:58 EDT,0.91,100,RFS,84GA13S01,4.1,
1984,Aug,Michigan,MI11,1984/08/01 11:58 EDT,3.05,200,RFS,84GA13S02,2.2,
1984,Aug,Michigan,MI11,1984/08/01 11:58 EDT,15.24,300,RFS,84GA13S03,4.1,
1984,Aug,Michigan,MI11,1984/08/01 11:58 EDT,30.48,350,RFS,84GA13S04,15.8,
1984,Aug,Michigan,MI11,1984/08/01 11:58 EDT,111.86,450,RFS,84GA13S05,6.7,
1984,Aug,Michigan,MI11,1984/08/01 11:58 EDT,120.09,500,RFS,84GA13S06,42.1,SCF-QC
1984,Aug,Michigan,MI11,1984/08/15 05:30 EDT,0.91,100,RFS,84GA14S01,2.8,
1984,Aug,Michigan,MI11,1984/08/15 05:30 EDT,8.23,200,RFS,84GA14S02,3.4,
1984,Aug,Michigan,MI11,1984/08/15 05:30 EDT,13.72,300,RFS,84GA14S03,4.4,
1984,Aug,Michigan,MI11,1984/08/15 05:30 EDT,29.57,350,RFS,84GA14S04,8.6,
1984,Aug,Michigan,MI11,1984/08/15 05:30 EDT,101.19,400,RFS,84GA14S05,7.9,
1984,Aug,Michigan,MI11,1984/08/15 05:30 EDT,112.17,450,RFS,84GA14S06,NA,NA-QC
1984,Aug,Michigan,MI11,1984/08/15 05:30 EDT,119.79,500,RFS,84GA14S07,21.2,
1985,Apr,Michigan,MI11,1985/04/16 13:50 EDT,0.91,50,RFS,85GA02S01,4,
1985,Apr,Michigan,MI11,1985/04/16 13:50 EDT,59.74,50,RFS,85GA02S02,4.7,
1985,Apr,Michigan,MI11,1985/04/16 13:50 EDT,99.97,50,RFS,85GA02S03,7.3,
1985,Apr,Michigan,MI11,1985/04/16 13:50 EDT,109.12,451.5,RFS,85GA02S04,4.5,
1985,Apr,Michigan,MI11,1985/04/16 13:50 EDT,117.04,520,RFS,85GA02S05,4.9,
1985,Aug,Michigan,MI11,1985/08/20 18:18 EDT,0.91,100,RFS,85GA04S01,1.7,
1985,Aug,Michigan,MI11,1985/08/20 18:18 EDT,17.37,200,RFS,85GA04S02,1.7,
1985,Aug,Michigan,MI11,1985/08/20 18:18 EDT,21.03,300,RFS,85GA04S03,3.5,
1985,Aug,Michigan,MI11,1985/08/20 18:18 EDT,33.53,350,RFS,85GA04S04,2.7,
1985,Aug,Michigan,MI11,1985/08/20 18:18 EDT,99.97,400,RFS,85GA04S05,4.5,
1985,Aug,Michigan,MI11,1985/08/20 18:18 EDT,110.95,450,RFS,85GA04S06,8.2,
1985,Aug,Michigan,MI11,1985/08/20 18:18 EDT,118.87,500,RFS,85GA04S07,8.7,
1985,Aug,Michigan,MI11,1985/08/21 19:40 EDT,0.91,100,RFS,85GA05S01,0.7,
1985,Aug,Michigan,MI11,1985/08/21 19:40 EDT,17.07,200,RFS,85GA05S02,1,
1985,Aug,Michigan,MI11,1985/08/21 19:40 EDT,20.73,300,RFS,85GA05S03,0.8,
1985,Aug,Michigan,MI11,1985/08/21 19:40 EDT,45.42,350,RFS,85GA05S04,2,
1985,Aug,Michigan,MI11,1985/08/21 19:40 EDT,99.97,400,RFS,85GA05S05,2.3,
1985,Aug,Michigan,MI11,1985/08/21 19:40 EDT,115.21,450,RFS,85GA05S06,4.5,
1985,Aug,Michigan,MI11,1985/08/21 19:40 EDT,120.7,500,RFS,85GA05S07,5,
1985,May,Michigan,MI11,1985/05/02 10:55 EDT,0.91,50,RFS,85GA03S01,5,
1985,May,Michigan,MI11,1985/05/02 10:55 EDT,60.66,50,RFS,85GA03S02,5.5,
1985,May,Michigan,MI11,1985/05/02 10:55 EDT,99.97,50,RFS,85GA03S03,5.2,
1985,May,Michigan,MI11,1985/05/02 10:55 EDT,114.6,451.5,RFS,85GA03S04,7.2,
1985,May,Michigan,MI11,1985/05/02 10:55 EDT,119.48,520,RFS,85GA03S05,5.2,
1985,Sep,Michigan,MI11,1985/09/01 13:30 EDT,1.52,100,RFS,85GA06S01,2.3,
1985,Sep,Michigan,MI11,1985/09/01 13:30 EDT,12.5,200,RFS,85GA06S02,1.8,
1985,Sep,Michigan,MI11,1985/09/01 13:30 EDT,23.16,300,RFS,85GA06S03,3.6,
1985,Sep,Michigan,MI11,1985/09/01 13:30 EDT,39.62,350,RFS,85GA06S04,2.5,
1985,Sep,Michigan,MI11,1985/09/01 13:30 EDT,101.5,400,RFS,85GA06S05,6,
1985,Sep,Michigan,MI11,1985/09/01 13:30 EDT,109.12,450,RFS,85GA06S06,6,
1985,Sep,Michigan,MI11,1985/09/01 13:30 EDT,117.65,500,RFS,85GA06S07,7.5,
1986,Apr,Michigan,MI11,1986/04/12 12:35 EDT,0.91,50,RFS,86GA01S01,4.5,
1986,Apr,Michigan,MI11,1986/04/12 12:35 EDT,60.96,50,RFS,86GA01S02,5.7,
1986,Apr,Michigan,MI11,1986/04/12 12:35 EDT,99.97,50,RFS,86GA01S03,5.1,
1986,Apr,Michigan,MI11,1986/04/12 12:35 EDT,110.95,450.5,RFS,86GA01S04,6.5,
1986,Apr,Michigan,MI11,1986/04/12 12:35 EDT,117.96,505,RFS,86GA01S05,6.2,
1986,Aug,Michigan,MI11,1986/08/01 00:15 EDT,0.91,100,RFS,86GA03S01,4.8,
1986,Aug,Michigan,MI11,1986/08/01 00:15 EDT,7.92,200,RFS,86GA03S02,7,
1986,Aug,Michigan,MI11,1986/08/01 00:15 EDT,14.94,300,RFS,86GA03S03,5.4,
1986,Aug,Michigan,MI11,1986/08/01 00:15 EDT,27.43,350,RFS,86GA03S04,10.1,
1986,Aug,Michigan,MI11,1986/08/01 00:15 EDT,103.02,450,RFS,86GA03S05,8.6,
1986,Aug,Michigan,MI11,1986/08/01 00:15 EDT,119.79,500,RFS,86GA03S06,14.6,
1986,Aug,Michigan,MI11,1986/08/22 14:57 EDT,0.91,100,RFS,86GA04S01,2.5,
1986,Aug,Michigan,MI11,1986/08/22 14:57 EDT,9.14,200,RFS,86GA04S02,2.6,
1986,Aug,Michigan,MI11,1986/08/22 14:57 EDT,15.54,300,RFS,86GA04S03,4.3,
1986,Aug,Michigan,MI11,1986/08/22 14:57 EDT,28.04,350,RFS,86GA04S04,6.2,
1986,Aug,Michigan,MI11,1986/08/22 14:57 EDT,99.67,400,RFS,86GA04S05,3.6,
1986,Aug,Michigan,MI11,1986/08/22 14:57 EDT,111.56,450,RFS,86GA04S06,6.7,
1986,Aug,Michigan,MI11,1986/08/22 14:57 EDT,119.48,500,RFS,86GA04S07,9.7,
1986,May,Michigan,MI11,1986/05/04 07:40 EDT,0.91,50,RFS,86GA02S01,6,
1986,May,Michigan,MI11,1986/05/04 07:40 EDT,60.96,50,RFS,86GA02S02,NA,NA-QC
1986,May,Michigan,MI11,1986/05/04 07:40 EDT,111.25,450.5,RFS,86GA02S03,6,
1986,May,Michigan,MI11,1986/05/04 07:40 EDT,119.48,505,RFS,86GA02S04,6.1,
1987,Apr,Michigan,MI11,1987/04/11 22:21 EDT,0.91,50,RFS,87GA02S01,5.3,
1987,Apr,Michigan,MI11,1987/04/11 22:21 EDT,59.44,50,RFS,87GA02S02,5.3,
1987,Apr,Michigan,MI11,1987/04/11 22:21 EDT,108.2,450.5,RFS,87GA02S03,5.8,
1987,Apr,Michigan,MI11,1987/04/11 22:21 EDT,117.04,505,RFS,87GA02S04,5.2,
1987,Apr,Michigan,MI11,1987/04/13 00:10 EDT,0.91,50,RFS,87GA03S01,5.4,
1987,Apr,Michigan,MI11,1987/04/13 00:10 EDT,60.96,50,RFS,87GA03S02,5.7,
1987,Apr,Michigan,MI11,1987/04/13 00:10 EDT,99.97,50,RFS,87GA03S03,5.2,
1987,Apr,Michigan,MI11,1987/04/13 00:10 EDT,112.17,450.5,RFS,87GA03S04,6.6,
1987,Apr,Michigan,MI11,1987/04/13 00:10 EDT,120.09,505,RFS,87GA03S05,7.9,
1987,Aug,Michigan,MI11,1987/08/24 06:40 EDT,0.91,100,RFS,87GA04S01,3.1,
1987,Aug,Michigan,MI11,1987/08/24 06:40 EDT,12.19,200,RFS,87GA04S02,2.4,
1987,Aug,Michigan,MI11,1987/08/24 06:40 EDT,18.29,300,RFS,87GA04S03,3.8,
1987,Aug,Michigan,MI11,1987/08/24 06:40 EDT,27.43,350,RFS,87GA04S04,3,
1987,Aug,Michigan,MI11,1987/08/24 06:40 EDT,100.58,400,RFS,87GA04S05,5.7,
1987,Aug,Michigan,MI11,1987/08/24 06:40 EDT,111.86,450,RFS,87GA04S06,6.5,
1987,Aug,Michigan,MI11,1987/08/24 06:40 EDT,120.09,500,RFS,87GA04S07,6.9,
1987,Mar,Michigan,MI11,1987/03/26 19:22 EDT,0.91,50,RFS,87GA01S01,4.9,
1987,Mar,Michigan,MI11,1987/03/26 19:22 EDT,60.05,50,RFS,87GA01S02,5.8,
1987,Mar,Michigan,MI11,1987/03/26 19:22 EDT,101.19,50,RFS,87GA01S03,5.7,
1987,Mar,Michigan,MI11,1987/03/26 19:22 EDT,107.9,450.5,RFS,87GA01S04,5.4,
1987,Mar,Michigan,MI11,1987/03/26 19:22 EDT,114.3,505,RFS,87GA01S05,4.9,
1988,Apr,Michigan,MI11,1988/04/24 17:02 EDT,0.91,50,RFS,88GA10S01,4.7,
1988,Apr,Michigan,MI11,1988/04/24 17:02 EDT,60.05,50,RFS,88GA10S03,4.5,
1988,Apr,Michigan,MI11,1988/04/24 17:02 EDT,98.76,50,RFS,88GA10S08,4.7,
1988,Apr,Michigan,MI11,1988/04/24 17:02 EDT,109.73,450.5,RFS,88GA10S10,4.4,
1988,Apr,Michigan,MI11,1988/04/24 17:02 EDT,115.82,505,RFS,88GA10S11,5.9,
1988,Aug,Michigan,MI11,1988/08/04 15:30 EDT,0.91,100,RFS,88GA12S21,1.3,
1988,Aug,Michigan,MI11,1988/08/04 15:30 EDT,12.8,200,RFS,88GA12S23,2.4,
1988,Aug,Michigan,MI11,1988/08/04 15:30 EDT,18.29,300,RFS,88GA12S24,4.3,
1988,Aug,Michigan,MI11,1988/08/04 15:30 EDT,19.81,350,RFS,88GA12S25,3.5,
1988,Aug,Michigan,MI11,1988/08/04 15:30 EDT,108.2,400,RFS,88GA12S28,2.6,
1988,Aug,Michigan,MI11,1988/08/04 15:30 EDT,125.58,450,RFS,88GA12S30,7.8,
1988,Aug,Michigan,MI11,1988/08/04 15:30 EDT,146.91,500,RFS,88GA12S31,12.7,
1988,Aug,Michigan,MI11,1988/08/26 19:09 EDT,0.91,100,RFS,88GA18S01,3,
1988,Aug,Michigan,MI11,1988/08/26 19:09 EDT,16.15,200,RFS,88GA18S03,3.3,
1988,Aug,Michigan,MI11,1988/08/26 19:09 EDT,22.86,300,RFS,88GA18S04,4.5,
1988,Aug,Michigan,MI11,1988/08/26 19:09 EDT,33.22,350,RFS,88GA18S05,4.2,
1988,Aug,Michigan,MI11,1988/08/26 19:09 EDT,99.97,400,RFS,88GA18S08,4.9,
1988,Aug,Michigan,MI11,1988/08/26 19:09 EDT,111.25,450,RFS,88GA18S10,7.4,
1988,Aug,Michigan,MI11,1988/08/26 19:09 EDT,119.18,500,RFS,88GA18S11,12.1,
1988,Mar,Michigan,MI11,1988/03/31 21:48 EDT,0.91,50,RFS,88GA04S01,9,
1988,Mar,Michigan,MI11,1988/03/31 21:48 EDT,58.22,50,RFS,88GA04S03,10.1,
1988,Mar,Michigan,MI11,1988/03/31 21:48 EDT,101.19,50,RFS,88GA04S08,8.7,
1988,Mar,Michigan,MI11,1988/03/31 21:48 EDT,106.68,450.5,RFS,88GA04S10,8,
1988,Mar,Michigan,MI11,1988/03/31 21:48 EDT,114.3,505,RFS,88GA04S11,7.4,
1989,Aug,Michigan,MI11,1989/08/07 13:26 EDT,0.91,100,RFS,89GA20S21,5.1,
1989,Aug,Michigan,MI11,1989/08/07 13:26 EDT,12.19,200,RFS,89GA20S23,4.5,
1989,Aug,Michigan,MI11,1989/08/07 13:26 EDT,19.81,300,RFS,89GA20S24,7.2,
1989,Aug,Michigan,MI11,1989/08/07 13:26 EDT,36.58,350,RFS,89GA20S25,4.4,
1989,Aug,Michigan,MI11,1989/08/07 13:26 EDT,99.97,400,RFS,89GA20S28,4.8,
1989,Aug,Michigan,MI11,1989/08/07 13:26 EDT,109.42,450,RFS,89GA20S30,NA,NA-QC
1989,Aug,Michigan,MI11,1989/08/07 13:26 EDT,117.04,500,RFS,89GA20S31,11.2,
1989,Aug,Michigan,MI11,1989/08/28 04:15 EDT,0.91,100,RFS,89GA27S01,2.8,
1989,Aug,Michigan,MI11,1989/08/28 04:15 EDT,12.5,200,RFS,89GA27S03,2.1,
1989,Aug,Michigan,MI11,1989/08/28 04:15 EDT,17.98,300,RFS,89GA27S04,5.1,
1989,Aug,Michigan,MI11,1989/08/28 04:15 EDT,32.31,350,RFS,89GA27S05,2.7,
1989,Aug,Michigan,MI11,1989/08/28 04:15 EDT,99.97,400,RFS,89GA27S08,5.4,
1989,Aug,Michigan,MI11,1989/08/28 04:15 EDT,109.42,450,RFS,89GA27S10,6.4,
1989,Aug,Michigan,MI11,1989/08/28 04:15 EDT,117.96,500,RFS,89GA27S11,6.9,
1989,Mar,Michigan,MI11,1989/03/23 18:30 EDT,0.91,50,RFS,89GA00S21,5.5,
1989,Mar,Michigan,MI11,1989/03/23 18:30 EDT,62.48,50,RFS,89GA00S23,4.9,
1989,Mar,Michigan,MI11,1989/03/23 18:30 EDT,99.97,50,RFS,89GA00S28,5.8,
1989,Mar,Michigan,MI11,1989/03/23 18:30 EDT,114.6,450.5,RFS,89GA00S30,5.8,
1989,Mar,Michigan,MI11,1989/03/23 18:30 EDT,123.44,505,RFS,89GA00S31,6.9,
1990,Apr,Michigan,MI11,1990/04/04 05:35 EDT,0.91,50,RFS,90GA14S21,6.4,
1990,Apr,Michigan,MI11,1990/04/04 05:35 EDT,61.26,50,RFS,90GA14S23,5.4,
1990,Apr,Michigan,MI11,1990/04/04 05:35 EDT,99.97,50,RFS,90GA14S28,5,
1990,Apr,Michigan,MI11,1990/04/04 05:35 EDT,112.78,450.5,RFS,90GA14S30,4.9,
1990,Apr,Michigan,MI11,1990/04/04 05:35 EDT,120.7,505,RFS,90GA14S31,5,
1990,Aug,Michigan,MI11,1990/08/02 19:47 EDT,0.91,100,RFS,90GA20S21,4.2,
1990,Aug,Michigan,MI11,1990/08/02 19:47 EDT,12.19,200,RFS,90GA20S23,5.4,
1990,Aug,Michigan,MI11,1990/08/02 19:47 EDT,15.24,300,RFS,90GA20S24,12.1,
1990,Aug,Michigan,MI11,1990/08/02 19:47 EDT,34.75,350,RFS,90GA20S25,4.6,
1990,Aug,Michigan,MI11,1990/08/02 19:47 EDT,99.97,400,RFS,90GA20S28,8.1,
1990,Aug,Michigan,MI11,1990/08/02 19:47 EDT,112.78,450,RFS,90GA20S30,11.5,
1990,Aug,Michigan,MI11,1990/08/02 19:47 EDT,120.7,500,RFS,90GA20S31,NA,NA-QC
1990,Aug,Michigan,MI11,1990/08/23 06:30 EDT,0.91,100,RFS,90GA27S01,2.2,
1990,Aug,Michigan,MI11,1990/08/23 06:30 EDT,13.11,200,RFS,90GA27S03,2,
1990,Aug,Michigan,MI11,1990/08/23 06:30 EDT,18.29,300,RFS,90GA27S04,2.7,
1990,Aug,Michigan,MI11,1990/08/23 06:30 EDT,42.37,350,RFS,90GA27S05,1.3,
1990,Aug,Michigan,MI11,1990/08/23 06:30 EDT,100.58,400,RFS,90GA27S08,3.7,
1990,Aug,Michigan,MI11,1990/08/23 06:30 EDT,110.34,450,RFS,90GA27S10,4.5,
1990,Aug,Michigan,MI11,1990/08/23 06:30 EDT,118.87,500,RFS,90GA27S11,13.4,
1990,Mar,Michigan,MI11,1990/03/30 05:55 EDT,0.91,50,RFS,90GA10S21,4.2,
1990,Mar,Michigan,MI11,1990/03/30 05:55 EDT,61.57,50,RFS,90GA10S23,5,
1990,Mar,Michigan,MI11,1990/03/30 05:55 EDT,99.97,50,RFS,90GA10S28,5.1,
1990,Mar,Michigan,MI11,1990/03/30 05:55 EDT,113.08,450.5,RFS,90GA10S30,4.6,
1990,Mar,Michigan,MI11,1990/03/30 05:55 EDT,121.62,505,RFS,90GA10S31,4.6,
1991,Apr,Michigan,MI11,1991/04/24 16:15 EDT,0.91,50,RFS,91GA16S01,4.4,
1991,Apr,Michigan,MI11,1991/04/24 16:15 EDT,59.74,50,RFS,91GA16S03,4.2,
1991,Apr,Michigan,MI11,1991/04/24 16:15 EDT,99.97,50,RFS,91GA16S08,4.2,
1991,Apr,Michigan,MI11,1991/04/24 16:15 EDT,110.03,450.5,RFS,91GA16S10,4.5,
1991,Apr,Michigan,MI11,1991/04/24 16:15 EDT,117.65,505,RFS,91GA16S11,4.5,
1991,Aug,Michigan,MI11,1991/08/22 17:00 EDT,0.91,100,RFS,91GA22S01,0.7,
1991,Aug,Michigan,MI11,1991/08/22 17:00 EDT,10.67,200,RFS,91GA22S03,1.4,
1991,Aug,Michigan,MI11,1991/08/22 17:00 EDT,13.72,300,RFS,91GA22S04,2.6,
1991,Aug,Michigan,MI11,1991/08/22 17:00 EDT,19.81,350,RFS,91GA22S05,3.4,
1991,Aug,Michigan,MI11,1991/08/22 17:00 EDT,100.58,400,RFS,91GA22S08,3.2,
1991,Aug,Michigan,MI11,1991/08/22 17:00 EDT,110.34,450,RFS,91GA22S10,9.5,
1991,Aug,Michigan,MI11,1991/08/22 17:00 EDT,118.57,500,RFS,91GA22S11,13.6,
1991,Mar,Michigan,MI11,1991/03/29 21:00 EDT,0.91,50,RFS,91GA10S21,5.6,
1991,Mar,Michigan,MI11,1991/03/29 21:00 EDT,59.44,50,RFS,91GA10S23,5.4,
1991,Mar,Michigan,MI11,1991/03/29 21:00 EDT,99.06,50,RFS,91GA10S28,5.7,
1991,Mar,Michigan,MI11,1991/03/29 21:00 EDT,111.25,450.5,RFS,91GA10S30,5.8,
1991,Mar,Michigan,MI11,1991/03/29 21:00 EDT,118.87,505,RFS,91GA10S31,6.1,
1992,Apr,Michigan,MI11,1992/04/20 10:00 EDT,0.91,50,RFS,92GA14S01,3.2,
1992,Apr,Michigan,MI11,1992/04/20 10:00 EDT,60.96,50,RFS,92GA14S03,2.8,
1992,Apr,Michigan,MI11,1992/04/20 10:00 EDT,112.17,450.5,RFS,92GA14S10,3.4,
1992,Apr,Michigan,MI11,1992/04/20 10:00 EDT,120.7,505,RFS,92GA14S11,4.1,
1992,Aug,Michigan,MI11,1992/08/23 01:00 EDT,0.91,100,RFS,92GA24S01,2.1,
1992,Aug,Michigan,MI11,1992/08/23 01:00 EDT,4.88,150,RFS,92GA24S02,3,
1992,Aug,Michigan,MI11,1992/08/23 01:00 EDT,17.37,300,RFS,92GA24S03,3.8,
1992,Aug,Michigan,MI11,1992/08/23 01:00 EDT,112.17,450,RFS,92GA24S10,5.5,
1992,Aug,Michigan,MI11,1992/08/23 01:00 EDT,120.4,500,RFS,92GA24S11,6.1,
1993,Aug,Michigan,MI11,1993/08/29 20:45 EDT,0.91,100,RFS,93GA32S85,2.6,
1993,Aug,Michigan,MI11,1993/08/29 20:45 EDT,15.24,200,RFS,93GA32S88,2.6,
1993,Aug,Michigan,MI11,1993/08/29 20:45 EDT,18.29,300,RFS,93GA32S89,5.3,
1993,Aug,Michigan,MI11,1993/08/29 20:45 EDT,30.48,350,RFS,93GA32S90,6.2,
1993,Aug,Michigan,MI11,1993/08/29 20:45 EDT,113.39,450,RFS,93GA32S92,8.2,
1993,Aug,Michigan,MI11,1993/08/29 20:45 EDT,121.31,500,RFS,93GA32S93,16.6,SCF-QC
1994,Aug,Michigan,MI06,1994/08/25 10:00 GMT,1,,RFS,94GA18S81,3,
1994,Aug,Michigan,MI06,1994/08/25 10:00 GMT,8,,RFS,94GA18S82,3.4,
1994,Aug,Michigan,MI06,1994/08/25 10:00 GMT,34,,RFS,94GA18S85,2.9,
1994,Aug,Michigan,MI06,1994/08/25 10:00 GMT,49,,RFS,94GA18S89,5.4,
1994,Aug,Michigan,MI06,1994/08/25 10:00 GMT,64.5,,RFS,94GA18S91,4.6,
1994,May,Michigan,MI06,1994/05/09 14:50 GMT,5,,RFS,94GA06S28,7.4,
1994,May,Michigan,MI06,1994/05/09 14:50 GMT,34,,RFS,94GA06S29,6.2,
1995,Mar,Michigan,MI06,1995/03/25 16:40 GMT,1.5,,RFS,95GA10S81,4.6,
1995,Mar,Michigan,MI06,1995/03/25 16:40 GMT,34,,RFS,95GA10S83,4.5,
1995,Mar,Michigan,MI06,1995/03/25 16:40 GMT,65,,RFS,95GA10S91,4.6,
1996,May,Michigan,MI11,1996/05/01 12:10 EDT,115,B10,RFS,96GA21S10,7.126,
1996,Sep,Michigan,MI11,1996/09/04 05:00 GMT,115.107,B10,RFS,96GA45S10,6.931,FPC-QC
1996,May,Michigan,MI11,1996/05/01 12:10 EDT,1.5,SRF,RFS,96GA21S01,7.52,
1996,May,Michigan,MI11,1996/05/01 12:10 EDT,123,B-,RFS,96GA21S11,7.34,
1996,Sep,Michigan,MI11,1996/09/04 05:00 GMT,1.172,SRF,RFS,96GA45S01,3.933,FPC-QC
1996,Sep,Michigan,MI11,1996/09/04 05:00 GMT,123.994,B-,RFS,96GA45S11,6.914,FPC-QC
1996,May,Michigan,MI11,1996/05/01 12:10 EDT,62,MID,RFS,96GA21S03,7.234,
1996,Sep,Michigan,MI11,1996/09/04 05:00 GMT,10.098,LEP,RFS,96GA45S03,4.067,FPC-QC
1996,Sep,Michigan,MI11,1996/09/04 05:00 GMT,16.299,TRM,RFS,96GA45S04,7.27,FPC-QC
1996,Sep,Michigan,MI11,1996/09/04 05:00 GMT,35.994,UHY,RFS,96GA45S05,4.895,FPC-QC
1997,May,Michigan,MI11,1997/05/02 05:45 GMT,1,SRF,RFS,97GA24S01,4.603,
1997,May,Michigan,MI11,1997/05/02 05:45 GMT,62,MID,RFS,97GA24S03,5.063,
1997,May,Michigan,MI11,1997/05/02 05:45 GMT,115,B10,RFS,97GA24S10,4.394,
1997,May,Michigan,MI11,1997/05/02 05:45 GMT,124,B-,RFS,97GA24S11,6.656,
1997,Sep,Michigan,MI11,1997/09/11 22:30 GMT,1,SRF,RFS,97GA62S01,3.905,
1997,Sep,Michigan,MI11,1997/09/11 22:30 GMT,21,LEP,RFS,97GA62S03,6.055,
1997,Sep,Michigan,MI11,1997/09/11 22:30 GMT,35,TRM,RFS,97GA62S04,3.663,
1997,Sep,Michigan,MI11,1997/09/11 22:30 GMT,50,UHY,RFS,97GA62S05,4.046,
1997,Sep,Michigan,MI11,1997/09/11 22:30 GMT,116,B10,RFS,97GA62S10,6.865,
1997,Sep,Michigan,MI11,1997/09/11 22:30 GMT,124,B-,RFS,97GA62S11,8.112,
1998,Mar,Michigan,MI11,1998/03/29 16:30 EST,114.5,B10,RFS,98GA10S10,5.4,
1998,Mar,Michigan,MI11,1998/03/29 16:30 EST,1,SRF,RFS,98GA10S01,6.752,
1998,Mar,Michigan,MI11,1998/03/29 16:30 EST,122.5,B-,RFS,98GA10S11,5.416,
1998,Mar,Michigan,MI11,1998/03/29 16:30 EST,62,MID,RFS,98GA10S03,5.319,
1998,Sep,Michigan,MI11,1998/09/05 22:10 EDT,114.817,B10,RFS,98GA58S10,7.4,
1998,Sep,Michigan,MI11,1998/09/05 22:10 EDT,0.96,SRF,RFS,98GA58S01,2.8,
1998,Sep,Michigan,MI11,1998/09/05 22:10 EDT,123.335,B-,RFS,98GA58S11,7.7,
1998,Sep,Michigan,MI11,1998/09/05 22:10 EDT,15.206,LEP,RFS,98GA58S03,6.7,
1998,Sep,Michigan,MI11,1998/09/05 22:10 EDT,24.571,TRM,RFS,98GA58S04,3.7,
1998,Sep,Michigan,MI11,1998/09/05 22:10 EDT,69.937,UHY,RFS,98GA58S05,3,
1999,Apr,Michigan,MI11,1999/04/17 20:40 EST,2,SRF,RFS,99GA15S01,4.6,
1999,Apr,Michigan,MI11,1999/04/17 20:40 EST,58,MID,RFS,99GA15S03,4.5,
1999,Apr,Michigan,MI11,1999/04/17 20:40 EST,105,B10,RFS,99GA15S10,4.8,
1999,Apr,Michigan,MI11,1999/04/17 20:40 EST,113,B-,RFS,99GA15S11,5.8,
1999,Sep,Michigan,MI11,1999/09/01 03:59 EDT,2,SRF,RFS,99GA59S01,2.7958,
1999,Sep,Michigan,MI11,1999/09/01 03:59 EDT,16,LEP,RFS,99GA59S03,2.5596,
1999,Sep,Michigan,MI11,1999/09/01 03:59 EDT,23,TRM,RFS,99GA59S04,5.22,
1999,Sep,Michigan,MI11,1999/09/01 03:59 EDT,33,DCL,RFS,99GA59S05,11.6095,
1999,Sep,Michigan,MI11,1999/09/01 03:59 EDT,115,B10,RFS,99GA59S10,4.7635,
1999,Sep,Michigan,MI11,1999/09/01 03:59 EDT,123,B-,RFS,99GA59S11,5.486,
2000,Apr,Michigan,MI11,2000/04/09 14:20 EST,2,SRF,RFS,00GA25S01,4.772,
2000,Apr,Michigan,MI11,2000/04/09 14:20 EST,61,MID,RFS,00GA25S03,4.397,
2000,Apr,Michigan,MI11,2000/04/09 14:20 EST,114,B10,RFS,00GA25S10,4.974,
2000,Apr,Michigan,MI11,2000/04/09 14:20 EST,122,B2,RFS,00GA25S11,4.833,
2000,Aug,Michigan,MI11,2000/08/28 07:09 EDT,2.144,SRF,RFS,00GA59S01,2.805,
2000,Aug,Michigan,MI11,2000/08/28 07:07 EDT,13.067,LEP,RFS,00GA59S03,3.28,
2000,Aug,Michigan,MI11,2000/08/28 07:05 EDT,18.05,TRM,RFS,00GA59S04,5.321,
2000,Aug,Michigan,MI11,2000/08/28 07:04 EDT,29.973,UHY,RFS,00GA59S05,2.565,
2000,Aug,Michigan,MI11,2000/08/28 07:01 EDT,113.962,B10,RFS,00GA59S10,11.09,
2000,Aug,Michigan,MI11,2000/08/28 06:59 EDT,123.597,B-,RFS,00GA59S11,10.722,
2001,Apr,Michigan,MI11,2001/04/05 19:14 CDT,114.5,B10,RFS,01GA25S10,3.941936,
2001,Apr,Michigan,MI11,2001/04/05 19:14 CDT,1,SRF,RFS,01GA25S01,4.831056,
2001,Apr,Michigan,MI11,2001/04/05 19:14 CDT,122.5,B-,RFS,01GA25S11,4.873008,
2001,Apr,Michigan,MI11,2001/04/05 19:14 CDT,62.2,MID,RFS,01GA25S03,4.509576,
2001,Aug,Michigan,MI11,2001/08/23 14:05 EDT,112.5,B10,RFS,01GA59S10,3.283588,
2001,Aug,Michigan,MI11,2001/08/23 14:05 EDT,1.5,SRF,RFS,01GA59S01,1.905858,
2001,Aug,Michigan,MI11,2001/08/23 14:05 EDT,120.5,B-,RFS,01GA59S11,3.266232,
2001,Aug,Michigan,MI11,2001/08/23 14:05 EDT,8.1,MEP,RFS,01GA59S02,1.643,
2001,Aug,Michigan,MI11,2001/08/23 14:05 EDT,20.4,TRM,RFS,01GA59S04,4.153941,
2001,Aug,Michigan,MI11,2001/08/23 14:05 EDT,37.9,UHY,RFS,01GA59S05,2.207381,
2002,Apr,Michigan,MI11,2002/04/01 04:22 EDT,2,SRF,RFS,02GA25S01,3.704999,
2002,Apr,Michigan,MI11,2002/04/01 04:22 EDT,60,MID,RFS,02GA25S03,3.873953,
2002,Apr,Michigan,MI11,2002/04/01 04:22 EDT,112,B10,RFS,02GA25S10,4.760285,
2002,Apr,Michigan,MI11,2002/04/01 04:22 EDT,120,B-,RFS,02GA25S11,4.042226,
2002,Aug,Michigan,MI11,2002/08/02 04:46 EDT,2,SRF,RFS,02GA59S01,1.119693,
2002,Aug,Michigan,MI11,2002/08/02 04:46 EDT,7,MEP,RFS,02GA59S02,2.426422,
2002,Aug,Michigan,MI11,2002/08/02 04:46 EDT,12.3,TRM,RFS,02GA59S04,3.631229,
2002,Aug,Michigan,MI11,2002/08/02 04:46 EDT,32.1,UHY,RFS,02GA59S05,4.162062,
2002,Aug,Michigan,MI11,2002/08/02 04:46 EDT,112,B10,RFS,02GA59S10,8.350604,
2002,Aug,Michigan,MI11,2002/08/02 04:46 EDT,120,B-,RFS,02GA59S11,10.330944,
2003,Apr,Michigan,MI11,2003/04/09 18:10 EDT,1,SRF,RFS,03GA20S01,4.156744,
2003,Apr,Michigan,MI11,2003/04/09 18:10 EDT,62,MID,RFS,03GA20S03,4.648049,
2003,Apr,Michigan,MI11,2003/04/09 18:10 EDT,113,B10,RFS,03GA20S10,4.10392,
2003,Aug,Michigan,MI11,2003/08/01 20:50 EDT,2,SRF,RFS,03GA59S01,1.943507,EHT-QC
2003,Aug,Michigan,MI11,2003/08/01 20:50 EDT,5,MEP,RFS,03GA59S02,1.241233,EHT-QC
2003,Aug,Michigan,MI11,2003/08/01 20:50 EDT,23.6,DCL,RFS,03GA59S15,2.225497,EHT-QC
2003,Aug,Michigan,MI11,2003/08/01 20:50 EDT,80,MHY,RFS,03GA59S06,1.689159,EHT-QC
2003,Aug,Michigan,MI11,2003/08/01 20:50 EDT,114,B10,RFS,03GA59S10,9.729342,EHT-QC
2003,Aug,Michigan,MI11,2003/08/01 20:50 EDT,122,B-,RFS,03GA59S11,9.267721,EHT-QC
2004,Apr,Michigan,MI11,2004/04/03 16:54 EDT,2,SRF,RFS,04GA20S01,4.528578,
2004,Apr,Michigan,MI11,2004/04/03 16:54 EDT,62,MID,RFS,04GA20S03,3.579491,
2004,Apr,Michigan,MI11,2004/04/03 16:54 EDT,114,B10,RFS,04GA20S10,3.91065,
2004,Apr,Michigan,MI11,2004/04/03 16:54 EDT,122,B-,RFS,04GA20S11,3.145585,
2004,Jul,Michigan,MI11,2004/07/30 19:15 EDT,2,SRF,RFS,04GA59S01,2.168806,
2004,Jul,Michigan,MI11,2004/07/30 19:15 EDT,7,MEP,RFS,04GA59S02,2.18421,
2004,Jul,Michigan,MI11,2004/07/30 19:15 EDT,34,DCL,RFS,04GA59S15,6.042632,
2004,Jul,Michigan,MI11,2004/07/30 19:15 EDT,77.5,MHY,RFS,04GA59S06,2.241646,
2004,Jul,Michigan,MI11,2004/07/30 19:15 EDT,115,B10,RFS,04GA59S10,4.378298,
2004,Jul,Michigan,MI11,2004/07/30 19:15 EDT,123,B-,RFS,04GA59S11,4.199174,
2005,Apr,Michigan,MI11,2005/04/01 19:45 EDT,1.3,SRF,RFS,05GA20S01,3.23,
2005,Apr,Michigan,MI11,2005/04/01 19:45 EDT,123.5,B-,RFS,05GA20S11,4.12,
2005,Apr,Michigan,MI11,2005/04/01 19:45 EDT,115.5,B10,RFS,05GA20S10,3.98,
2005,Apr,Michigan,MI11,2005/04/01 19:45 EDT,62.5,MID,RFS,05GA20S03,3.64,
2005,Aug,Michigan,MI11,2005/08/01 01:35 EDT,115.5,B10,RFS,05GA59S10,3.196,
2005,Aug,Michigan,MI11,2005/08/01 01:35 EDT,5,MEP,RFS,05GA59S02,3.993,
2005,Aug,Michigan,MI11,2005/08/01 01:35 EDT,123.5,B-,RFS,05GA59S11,3.873,
2005,Aug,Michigan,MI11,2005/08/01 01:35 EDT,1.9,SRF,RFS,05GA59S01,1.625,
2005,Aug,Michigan,MI11,2005/08/01 01:35 EDT,75,MHY,RFS,05GA59S06,1.916,
2005,Aug,Michigan,MI11,2005/08/01 01:35 EDT,26,DCL,RFS,05GA59S15,5.662,
2006,Apr,Michigan,MI11,2006/04/01 21:15 EDT,1.6,SRF,RFS,06GA21S01,5.281,
2006,Apr,Michigan,MI11,2006/04/01 21:15 EDT,123.3,B-,RFS,06GA21S11,2.602,
2006,Apr,Michigan,MI11,2006/04/01 21:15 EDT,115.5,B10,RFS,06GA21S10,3.763,
2006,Apr,Michigan,MI11,2006/04/01 21:15 EDT,65.1,MID,RFS,06GA21S03,2.719,
2006,Aug,Michigan,MI11,2006/08/02 19:17 EDT,65.8,MHY,RFS,06GA59S06,1.434,
2006,Aug,Michigan,MI11,2006/08/02 19:17 EDT,115.5,B10,RFS,06GA59S10,2.672,
2006,Aug,Michigan,MI11,2006/08/02 19:17 EDT,124,B-,RFS,06GA59S11,3.151,
2006,Aug,Michigan,MI11,2006/08/02 19:17 EDT,2.4,SRF,RFS,06GA59S01,1.054,
2006,Aug,Michigan,MI11,2006/08/02 19:17 EDT,5.4,MEP,RFS,06GA59S02,1.377,
2006,Aug,Michigan,MI11,2006/08/02 19:17 EDT,30.6,DCL,RFS,06GA59S15,2.74,
2007,Aug,Michigan,MI11,2007/08/02 04:50 EDT,1.8,SRF,RFS,07GA30S21,2.044,
2007,Aug,Michigan,MI11,2007/08/02 04:50 EDT,9.1,MEP,RFS,07GA30S22,3.413,
2007,Aug,Michigan,MI11,2007/08/02 04:50 EDT,38.7,DCL,RFS,07GA30S35,2.796,
2007,Aug,Michigan,MI11,2007/08/02 04:50 EDT,72.2,MHY,RFS,07GA30S26,2.565,
2007,Aug,Michigan,MI11,2007/08/02 04:50 EDT,115.1,B10,RFS,07GA30S30,3.091,
2007,Aug,Michigan,MI11,2007/08/02 04:50 EDT,124,B-,RFS,07GA30S31,5.203,
2007,Mar,Michigan,MI11,2007/03/31 17:39 EDT,1.8,SRF,RFS,07GA10S21,3.563,
2007,Mar,Michigan,MI11,2007/03/31 17:39 EDT,62.6,MID,RFS,07GA10S23,3.954,
2007,Mar,Michigan,MI11,2007/03/31 17:39 EDT,115.4,B10,RFS,07GA10S30,2.752,
2007,Mar,Michigan,MI11,2007/03/31 17:39 EDT,123.3,B-,RFS,07GA10S31,3.448,
2008,Apr,Michigan,MI11,2008/04/15 00:30 EDT,2.4,SRF,RFS,08GA10S21,2.875,
2008,Apr,Michigan,MI11,2008/04/15 00:30 EDT,62.8,MID,RFS,08GA10S23,4.632,
2008,Apr,Michigan,MI11,2008/04/15 00:30 EDT,115.6,B10,RFS,08GA10S30,3.756,
2008,Apr,Michigan,MI11,2008/04/15 00:30 EDT,123.2,B-,RFS,08GA10S31,3.584,
2008,Aug,Michigan,MI11,2008/08/01 17:48 EDT,1.5,SRF,RFS,08GA30S21,1.947,
2008,Aug,Michigan,MI11,2008/08/01 17:48 EDT,5,MEP,RFS,08GA30S22,0.832,
2008,Aug,Michigan,MI11,2008/08/01 17:48 EDT,42.4,DCL,RFS,08GA30S35,1.923,
2008,Aug,Michigan,MI11,2008/08/01 17:48 EDT,76.9,MHY,RFS,08GA30S26,1.615,
2008,Aug,Michigan,MI11,2008/08/01 17:48 EDT,115.1,B10,RFS,08GA30S30,3.087,
2008,Aug,Michigan,MI11,2008/08/01 17:48 EDT,123.4,B-,RFS,08GA30S31,2.841,
2009,Apr,Michigan,MI11,2009/04/08 15:32 EDT,1.7,SRF,RFS,09GA10S21,3.346,
2009,Apr,Michigan,MI11,2009/04/08 15:32 EDT,62.4,MID,RFS,09GA10S23,2.069,
2009,Apr,Michigan,MI11,2009/04/08 15:32 EDT,115,B10,RFS,09GA10S30,3.356,
2009,Apr,Michigan,MI11,2009/04/08 15:32 EDT,123.4,B-,RFS,09GA10S31,3.311,
2009,Aug,Michigan,MI11,2009/08/05 00:08 EDT,2,SRF,RFS,09GA33S21,1.332,
2009,Aug,Michigan,MI11,2009/08/05 00:08 EDT,5.9,MEP,RFS,09GA33S22,3.823,
2009,Aug,Michigan,MI11,2009/08/05 00:08 EDT,40.9,DCL,RFS,09GA33S35,2.327,
2009,Aug,Michigan,MI11,2009/08/05 00:08 EDT,80.1,MHY,RFS,09GA33S26,1.809,
2009,Aug,Michigan,MI11,2009/08/05 00:08 EDT,115.7,B10,RFS,09GA33S30,2.511,
2009,Aug,Michigan,MI11,2009/08/05 00:08 EDT,123.8,B-,RFS,09GA33S31,2.955,
2010,Apr,Michigan,MI11,2010/04/02 00:49 EDT,117.8,B10,RFS,10GA10S30,1.75,
2010,Apr,Michigan,MI11,2010/04/02 00:49 EDT,2.1,SRF,RFS,10GA10S21,2.979,
2010,Apr,Michigan,MI11,2010/04/02 00:49 EDT,125,B-,RFS,10GA10S31,2.538,
2010,Apr,Michigan,MI11,2010/04/02 00:49 EDT,63.6,MID,RFS,10GA10S23,2.65,
2010,Aug,Michigan,MI11,2010/08/02 01:25 EDT,116.1,B10,RFS,10GA30S30,2.217,
2010,Aug,Michigan,MI11,2010/08/02 01:25 EDT,2.2,SRF,RFS,10GA30S21,1.544,
2010,Aug,Michigan,MI11,2010/08/02 01:25 EDT,124.3,B-,RFS,10GA30S31,3.495,
2010,Aug,Michigan,MI11,2010/08/02 01:25 EDT,6.1,MEP,RFS,10GA30S22,3.465,
2010,Aug,Michigan,MI11,2010/08/02 01:25 EDT,34.2,DCL,RFS,10GA30S35,3.41,
2010,Aug,Michigan,MI11,2010/08/02 01:25 EDT,84.3,MHY,RFS,10GA30S26,1.862,
2011,Apr,Michigan,MI11,2011/04/06 20:13 EST,1.9,SRF,RFS,11GA10S21,3.905,
2011,Apr,Michigan,MI11,2011/04/06 20:13 CDT,62.7,MID,RFS,11GA10S23,4.962,
2011,Apr,Michigan,MI11,2011/04/06 20:13 CDT,113.8,B10,RFS,11GA10S30,3.1,
2011,Apr,Michigan,MI11,2011/04/06 20:13 CDT,122.5,B-,RFS,11GA10S31,3.533,
2011,Aug,Michigan,MI11,2011/08/02 21:37 EDT,1.7,SRF,RFS,11GA30S01,2.661,
2011,Aug,Michigan,MI11,2011/08/02 21:37 EDT,38.3,DCL,RFS,11GA30S15,2.869,
2011,Aug,Michigan,MI11,2011/08/02 21:37 EDT,80,MHY,RFS,11GA30S06,1.906,
2011,Aug,Michigan,MI11,2011/08/02 21:37 EDT,113.5,B10,RFS,11GA30S10,2.175,
2011,Aug,Michigan,MI11,2011/08/02 21:37 EDT,122.7,B-,RFS,11GA30S11,2.573,
2012,Apr,Michigan,MI11,2012/04/01 21:56 EDT,114.5,B10,RFS,12GA10S10,5.113,
2012,Apr,Michigan,MI11,2012/04/01 21:56 EDT,1.9,SRF,RFS,12GA10S01,5.491,
2012,Apr,Michigan,MI11,2012/04/01 21:56 EDT,122.5,B-,RFS,12GA10S11,3.469,
2012,Apr,Michigan,MI11,2012/04/01 21:56 EDT,62.5,MID,RFS,12GA10S03,3.868,
2012,Aug,Michigan,MI11,2012/08/01 23:36 EDT,115.5,B10,RFS,12GA40S10,3.916,
2012,Aug,Michigan,MI11,2012/08/01 23:36 EDT,1.5,SRF,RFS,12GA40S01,3.776,
2012,Aug,Michigan,MI11,2012/08/01 23:36 EDT,123.7,B-,RFS,12GA40S11,3.088,
2012,Aug,Michigan,MI11,2012/08/01 23:36 EDT,9,MEP,RFS,12GA40S02,2.907,
2012,Aug,Michigan,MI11,2012/08/01 23:36 EDT,30,DCL,RFS,12GA40S15,4.517,
2012,Aug,Michigan,MI11,2012/08/01 23:36 EDT,80,MHY,RFS,12GA40S06,2.553,
2013,Aug,Michigan,MI11,2013/08/02 22:37 EDT,1.7,SRF,RFS,13GM41S01,1.706,
2013,Aug,Michigan,MI11,2013/08/02 22:37 EDT,6.1,MEP,RFS,13GM41S02,2.292,
2013,Aug,Michigan,MI11,2013/08/02 22:37 EDT,44,DCL,RFS,13GM41S15,2.485,
2013,Aug,Michigan,MI11,2013/08/02 22:37 EDT,77,MHY,RFS,13GM41S06,2.353,
2013,Aug,Michigan,MI11,2013/08/02 22:37 EDT,114.9,B10,RFS,13GM41S10,3.494,
2013,Aug,Michigan,MI11,2013/08/02 22:37 EDT,122.3,B-,RFS,13GM41S11,1.867,
2013,Mar,Michigan,MI11,2013/03/27 15:50 EDT,1.8,SRF,RFS,13GM10S01,2.765,
2013,Mar,Michigan,MI11,2013/03/27 15:50 EDT,62.5,MID,RFS,13GM10S03,2.174,
2013,Mar,Michigan,MI11,2013/03/27 15:50 EDT,114.9,B10,RFS,13GM10S10,2.143,
2013,Mar,Michigan,MI11,2013/03/27 15:50 EDT,123.1,B-,RFS,13GM10S11,1.482,
2014,Apr,Michigan,MI11,2014/04/17 19:44 EDT,1.9,SRF,RFS,14GM10S01,3.109,
2014,Apr,Michigan,MI11,2014/04/17 19:44 EDT,62.5,MID,RFS,14GM10S03,2.749,
2014,Apr,Michigan,MI11,2014/04/17 19:44 EDT,116.1,B10,RFS,14GM10S10,3.562,
2014,Apr,Michigan,MI11,2014/04/17 19:44 EDT,123.7,B-,RFS,14GM10S11,4.524,
2014,Aug,Michigan,MI11,2014/08/07 00:54 EDT,2,SRF,RFS,14GM41S01,1.706,
2014,Aug,Michigan,MI11,2014/08/07 00:54 EDT,7.6,MEP,RFS,14GM41S02,2.292,
2014,Aug,Michigan,MI11,2014/08/07 00:54 EDT,43.1,DCL,RFS,14GM41S15,2.485,
2014,Aug,Michigan,MI11,2014/08/07 00:54 EDT,79.2,MHY,RFS,14GM41S06,2.353,
2014,Aug,Michigan,MI11,2014/08/07 00:54 EDT,116.4,B10,RFS,14GM41S10,3.494,
2014,Aug,Michigan,MI11,2014/08/07 00:54 EDT,124.5,B-,RFS,14GM41S11,1.867,
2015,Apr,Michigan,MI11,2015/04/15 22:52 GMT,115.8,B10,RFS,15GM10S10,3.291,
2015,Apr,Michigan,MI11,2015/04/15 22:52 GMT,2,SRF,RFS,15GM10S01,3.044,
2015,Apr,Michigan,MI11,2015/04/15 22:52 GMT,123.6,B-,RFS,15GM10S11,3.84,
2015,Apr,Michigan,MI11,2015/04/15 22:52 GMT,62.7,MID,RFS,15GM10S03,3.324,
2015,Aug,Michigan,MI11,2015/08/04 05:23 GMT,116,B10,RFS,15GM41S10,3.509,
2015,Aug,Michigan,MI11,2015/08/04 05:23 GMT,1.9,SRF,RFS,15GM41S01,2.577,
2015,Aug,Michigan,MI11,2015/08/04 05:23 GMT,123.9,B-,RFS,15GM41S11,2.751,
2015,Aug,Michigan,MI11,2015/08/04 05:23 GMT,5,MEP,RFS,15GM41S02,3.08,
2015,Aug,Michigan,MI11,2015/08/04 05:23 GMT,33,DCL,RFS,15GM41S15,4.038,
2015,Aug,Michigan,MI11,2015/08/04 05:23 GMT,75,MHY,RFS,15GM41S06,2.811,
2016,Aug,Michigan,MI11,2016/08/02 03:01 GMT,2,SRF,RFS,16GM40S01,2.586,
2016,Aug,Michigan,MI11,2016/08/02 03:01 GMT,7,MEP,RFS,16GM40S02,2.673,
2016,Aug,Michigan,MI11,2016/08/02 03:01 GMT,33,DCL,RFS,16GM40S15,3.066,
2016,Aug,Michigan,MI11,2016/08/02 03:01 GMT,77,MHY,RFS,16GM40S06,4.343,
2016,Aug,Michigan,MI11,2016/08/02 03:01 GMT,116.2,B10,RFS,16GM40S10,3.4,
2016,Aug,Michigan,MI11,2016/08/02 03:01 GMT,124.6,B-,RFS,16GM40S11,2.7,
2016,Mar,Michigan,MI11,2016/03/26 21:42 GMT,2,SRF,RFS,16GM10S01,2.675,
2016,Mar,Michigan,MI11,2016/03/26 21:42 GMT,62.8,MID,RFS,16GM10S03,2.728,
2016,Mar,Michigan,MI11,2016/03/26 21:42 GMT,116.2,B10,RFS,16GM10S10,2.628,
2016,Mar,Michigan,MI11,2016/03/26 21:42 GMT,124,B-,RFS,16GM10S11,1.966,
2017,Aug,Michigan,MI11,2017/08/02 22:54 GMT,1.9,SRF,RFS,17GM41S01,3.24,
2017,Aug,Michigan,MI11,2017/08/02 22:54 GMT,6,MEP,RFS,17GM41S02,4.31,
2017,Aug,Michigan,MI11,2017/08/02 22:54 GMT,37,DCL,RFS,17GM41S15,4.11,
2017,Aug,Michigan,MI11,2017/08/02 22:54 GMT,76,MHY,RFS,17GM41S06,2.26,
2017,Aug,Michigan,MI11,2017/08/02 22:54 GMT,114.8,B10,RFS,17GM41S10,3.8,
2017,Aug,Michigan,MI11,2017/08/02 22:54 GMT,122.5,B-,RFS,17GM41S11,4.26,
2017,Mar,Michigan,MI11,2017/03/27 00:39 GMT,2,SRF,RFS,17GM10S01,3.225,
2017,Mar,Michigan,MI11,2017/03/27 00:39 GMT,62.2,MID,RFS,17GM10S03,3.717,
2017,Mar,Michigan,MI11,2017/03/27 00:39 GMT,115,B10,RFS,17GM10S10,3.394,
2017,Mar,Michigan,MI11,2017/03/27 00:39 GMT,122.8,B-,RFS,17GM10S11,4.196,
2018,Mar,Michigan,MI11,2018/03/28 22:15 GMT,2,SRF,RFS,18GM00S01,2.2,
2018,Mar,Michigan,MI11,2018/03/28 22:15 GMT,62.5,MID,RFS,18GM00S03,2.645,
2018,Mar,Michigan,MI11,2018/03/28 22:15 GMT,115,B10,RFS,18GM00S10,2.403,
2018,Mar,Michigan,MI11,2018/03/28 22:15 GMT,122.8,B-,RFS,18GM00S11,3.8,
2018,Aug,Michigan,MI11,2018/08/01 22:05 GMT,2,SRF,RFS,18GM40S01,3.2,
2018,Aug,Michigan,MI11,2018/08/01 22:05 GMT,4.9,MEP,RFS,18GM40S02,2.701,
2018,Aug,Michigan,MI11,2018/08/01 22:05 GMT,36,DCL,RFS,18GM40S15,2.425,
2018,Aug,Michigan,MI11,2018/08/01 22:05 GMT,77,MHY,RFS,18GM40S06,2.698,
2018,Aug,Michigan,MI11,2018/08/01 22:05 GMT,114.8,B10,RFS,18GM40S10,2.2,
2018,Aug,Michigan,MI11,2018/08/01 22:05 GMT,122.5,B-,RFS,18GM40S11,2.619,
